{"batch/loss": 0.12730702757835388, "batch/binary_crossentropy": 0.12730702757835388, "batch/categorical_accuracy": 0.7406944632530212, "batch/batch_step": 2699, "batch/learning_rate": 0.0010000000474974513, "_timestamp": 1672142963.913595, "_runtime": 592.9090168476105, "_step": 2703, "epoch/loss": 0.12730702757835388, "epoch/binary_crossentropy": 0.12730702757835388, "epoch/categorical_accuracy": 0.7406944632530212, "epoch/val_loss": 0.2658882737159729, "epoch/val_binary_crossentropy": 0.2658882737159729, "epoch/val_categorical_accuracy": 0.510185182094574, "epoch/epoch": 3, "epoch/learning_rate": 0.0010000000474974513, "_wandb": {"runtime": 643}}