{"batch/loss": -40.0358772277832, "batch/categorical_accuracy": 0.0, "batch/binary_crossentropy": -40.0358772277832, "batch/batch_step": 674, "batch/learning_rate": 0.0010000000474974513, "_timestamp": 1672138406.0159042, "_runtime": 370.78651213645935, "_step": 1351, "epoch/loss": -40.0358772277832, "epoch/categorical_accuracy": 0.0, "epoch/binary_crossentropy": -40.0358772277832, "epoch/val_loss": -40.814151763916016, "epoch/val_categorical_accuracy": 0.0, "epoch/val_binary_crossentropy": -40.814151763916016, "epoch/epoch": 0, "epoch/learning_rate": 0.0010000000474974513, "_wandb": {"runtime": 137}}