{"batch/loss": 0.2349337637424469, "batch/binary_crossentropy": 0.2349337637424469, "batch/categorical_accuracy": 0.45060184597969055, "batch/batch_step": 26999, "batch/learning_rate": 9.999999747378752e-05, "_timestamp": 1672150059.7502809, "_runtime": 5683.076571941376, "_step": 27039, "epoch/loss": 0.2349337637424469, "epoch/binary_crossentropy": 0.2349337637424469, "epoch/categorical_accuracy": 0.45060184597969055, "epoch/val_loss": 0.23048776388168335, "epoch/val_binary_crossentropy": 0.23048776388168335, "epoch/val_categorical_accuracy": 0.4587036967277527, "epoch/epoch": 39, "epoch/learning_rate": 9.999999747378752e-05}