{"batch/loss": -40.157752990722656, "batch/categorical_accuracy": 0.0, "batch/binary_crossentropy": -40.157752990722656, "batch/batch_step": 3923, "batch/learning_rate": 9.999999747378752e-06, "_timestamp": 1672138987.7363045, "_runtime": 362.34589743614197, "_step": 3928, "epoch/loss": -40.035892486572266, "epoch/categorical_accuracy": 0.0, "epoch/binary_crossentropy": -40.035892486572266, "epoch/val_loss": -40.81414794921875, "epoch/val_categorical_accuracy": 0.0, "epoch/val_binary_crossentropy": -40.81414794921875, "epoch/epoch": 4, "epoch/learning_rate": 9.999999747378752e-06}