{"batch/loss": -39.63999557495117, "batch/categorical_accuracy": 0.9939351677894592, "batch/binary_crossentropy": -39.63999557495117, "batch/batch_step": 674, "batch/learning_rate": 0.0010000000474974513, "_timestamp": 1672137405.3656538, "_runtime": 985.855655670166, "_step": 4299, "epoch/loss": -52.04755783081055, "epoch/categorical_accuracy": 0.15208333730697632, "epoch/binary_crossentropy": -52.04755783081055, "epoch/val_loss": -53.022159576416016, "epoch/val_categorical_accuracy": 0.07629629969596863, "epoch/val_binary_crossentropy": -53.022159576416016, "epoch/epoch": 4, "epoch/learning_rate": 0.0010000000474974513, "_wandb": {"runtime": 641}}