{"batch/loss": 0.2618076205253601, "batch/categorical_accuracy": 0.3533509075641632, "batch/binary_crossentropy": 0.2618076205253601, "batch/batch_step": 331, "batch/learning_rate": 0.0010000000474974513, "_timestamp": 1672142344.6679153, "_runtime": 1368.2798902988434, "_step": 3311, "epoch/loss": -28.024019241333008, "epoch/categorical_accuracy": 0.0, "epoch/binary_crossentropy": -28.024019241333008, "epoch/val_loss": -28.60258674621582, "epoch/val_categorical_accuracy": 0.0, "epoch/val_binary_crossentropy": -28.60258674621582, "epoch/epoch": 3, "epoch/learning_rate": 9.999999747378752e-06, "_wandb": {"runtime": 420}}